"Identificador URL";Nome;Categorias;Preço;"Preço promocional";"Peso (kg)";"Altura (cm)";"Largura (cm)";"Comprimento (cm)";Estoque;SKU;"Código de barras";"Exibir na loja";"Frete gratis";Descrição;Tags;"Título para SEO";"Descrição para SEO";Marca;"Produto Físico";"MPN (Cód. Exclusivo Modelo Fabricante)";Sexo;"Faixa etária";Custo
mira-tyro-metal-avalon;"Mira Tyro Metal - Avalon";;189.00;150.00;0.00;0.00;0.00;0.00;7;;;SIM;NÃO;"<p style=""box-sizing: inherit; line-height: 1.6667em; color: #1c1c1c; font-family: Archivo, sans-serif; font-size: 14px; background-color: rgba(217, 216, 214, 0.25);"">Mira iniciante para arco recurvo</p>
<ul style=""box-sizing: inherit; color: #1c1c1c; font-family: Archivo, sans-serif; font-size: 14px; background-color: rgba(217, 216, 214, 0.25);"">
<li style=""box-sizing: inherit;"">Construida em alum&iacute;nio</li>
<li style=""box-sizing: inherit;"">Bra&ccedil;o de 6""</li>
<li style=""box-sizing: inherit;"">Pin de mira 8/32""</li>
<li style=""box-sizing: inherit;"">Dispon&iacute;vel na cor: Preto</li>
</ul>";;;;;SIM;;;;100.00
outdoor-composto-alvo-oficial-wa-80cm;"OUTDOOR COMPOSTO - Alvo oficial WA 80cm (10 unidades)";Alvos;89.00;80.10;0.50;80.00;80.00;2.00;25;ALV-OUT-006;7891234567005;SIM;NÃO;"Alvo oficial WA 80cm para tiro de campo (outdoor composto). Pacote com 10 unidades.";"alvo, competicao, composto, outdoor, wa";"Alvo Oficial WA 80cm | 10 Unidades";"Alvo oficial WA 80cm para outdoor composto. Pacote com 10.";Avalon;SIM;;Unissex;;40.00
arco-recurvo-escola-magnesio-jandao;"Arco Recurvo Escola (Magnésio) - Jandao";Kits;1,010.00;909.00;1.50;15.00;50.00;70.00;6;ARC-ESC-005;7891234567004;SIM;NÃO;"Arco Recurvo Escola com riser em magnésio Jandao. Perfeito para iniciantes e clubes de arqueria.";"arco recurvo, escola, iniciante, jandao, kit";"Arco Recurvo Escola Jandao | Kit Iniciante";"Arco Recurvo Escola Jandao - Kit completo para iniciantes.";Jandao;SIM;;Unissex;;450.00
kit-pro-dragon-x8-preto-sanlida;"Kit Pro Dragon X8 (Preto) - Sanlida";"Dragon 8";3,150.00;2,835.00;3.50;20.00;60.00;80.00;10;KIT-DRG-004;7891234567003;SIM;NÃO;"Kit completo Pro Dragon X8 Sanlida (Preto). Arco composto profissional com acessórios. Ideal para competidores.";"arco composto, dragon, kit, profissional, sanlida";"Kit Pro Dragon X8 Sanlida | Arco Composto";"Kit completo Pro Dragon X8 - Arco composto profissional Sanlida.";Sanlida;SIM;;Unissex;;1,500.00
bortonock-720x;"BortoNock - 720x";Nocks;47.00;42.30;0.01;1.00;1.00;2.00;160;NOC-720-003;7891234567002;SIM;NÃO;"Nock exclusivo 720x. Encaixe perfeito e durabilidade superior. Pacote com 12 unidades.";"720x, acessorio, flecha, nock";"BortoNock 720x | Nock Premium";"BortoNock 720x - Nocks de alta qualidade para suas flechas.";720x;SIM;;Unissex;;20.00
flechas-avalon-hybrid;"Flechas Avalon Hybrid";"Flechas montadas";48.00;43.20;0.05;2.00;1.00;80.00;45;FLE-AVL-002;7891234567001;SIM;NÃO;"Flechas Avalon Hybrid de alta durabilidade. Perfeitas para treino e competição.";"avalon, flecha, hybrid, treino";"Flechas Avalon Hybrid | 720x Arco e Flecha";"Flechas Avalon Hybrid - Durabilidade e precisão. Unidade.";Avalon;SIM;;Unissex;;25.00
dedeira-avalon-tec-one;"Dedeira Avalon Tec One";Dedeiras;189.00;170.10;0.10;5.00;8.00;3.00;10;DED-TEC-001;6426010922905;SIM;NÃO;"Dedeira profissional Avalon Tec One para arco recurvo. Ideal para arqueiros intermediários e avançados.";"arco, avalon, dedeira, flecha, recurvo";"Dedeira Avalon Tec One | 720x Arco e Flecha";"Compre a Dedeira Avalon Tec One na 720x. Proteção e conforto para suas flechadas.";Avalon;SIM;;Unissex;;85.00
